future_loc,checkout,dairy,drinks,fruit,spices
checkout,0,0,0,0,0
dairy,0.7,0.001282,0.11,0.18,0.008718
drinks,0.8,0.147145,0.000145,0.048,0.00471
fruit,0.8,0.177993,0.013,0.008007,0.001
spices,0.6,0.223741,0.07,0.106259,0