,checkout,dairy,drinks,fruit,spices
checkout,0.0,0.0,0.0,0.0,0.0
dairy,0.3900406069673007,0.0012823252831801668,0.22269715751228894,0.19042530455225476,0.19555460568497543
drinks,0.5367477592829706,0.02714468629961588,0.0,0.21920614596670934,0.21690140845070421
fruit,0.49882858258492774,0.23799297149550958,0.1368606013276064,0.0005857087075361187,0.12573213588442014
spices,0.2507327471356248,0.3237410071942446,0.2728483879563016,0.15241140420996535,0.0002664535038635758
